country,year,iso_code,population,gdp,cement_co2,cement_co2_per_capita,co2,co2_growth_abs,co2_growth_prct,co2_including_luc,co2_including_luc_growth_abs,co2_including_luc_growth_prct,co2_including_luc_per_capita,co2_including_luc_per_gdp,co2_per_capita,co2_per_gdp,coal_co2,coal_co2_per_capita,cumulative_cement_co2,cumulative_co2,cumulative_co2_including_luc,cumulative_coal_co2,cumulative_gas_co2,cumulative_luc_co2,cumulative_oil_co2,gas_co2,gas_co2_per_capita,ghg_excluding_lucf_per_capita,ghg_per_capita,land_use_change_co2,land_use_change_co2_per_capita,methane,methane_per_capita,nitrous_oxide,nitrous_oxide_per_capita,oil_co2,oil_co2_per_capita,share_global_cement_co2,share_global_co2,share_global_co2_including_luc,share_global_coal_co2,share_global_cumulative_cement_co2,share_global_cumulative_co2,share_global_cumulative_co2_including_luc,share_global_cumulative_coal_co2,share_global_cumulative_gas_co2,share_global_cumulative_luc_co2,share_global_cumulative_oil_co2,share_global_gas_co2,share_global_luc_co2,share_global_oil_co2,share_of_temperature_change_from_ghg,temperature_change_from_ch4,temperature_change_from_co2,temperature_change_from_ghg,temperature_change_from_n2o,total_ghg,total_ghg_excluding_lucf
India,1850,IND,235732435.0,223302598656.0,,,,,,,,,,,,,,,,,,,,302.76,,,,0.192,1.479,302.76,1.284,200.839,0.852,20.571,0.087,,,,,,,,,,,,11.474,,,11.474,,,,,,,348.632,45.279
India,1851,IND,236535920.0,224090505216.0,,,,,,,,,,,,,,,,,,,,535.086,,,,0.192,1.358,232.326,0.982,201.612,0.852,20.986,0.089,,,,,,,,,,,,9.803,,,8.239,,6.03,0.0,0.0,0.0,0.0,321.197,45.503
India,1852,IND,237318415.0,,,,,,,,,,,,,,,,,,,,,730.438,,,,0.193,1.298,195.352,0.823,202.385,0.853,21.391,0.09,,,,,,,,,,,,8.784,,,6.836,,5.828,0.0,0.0,0.0,0.0,308.02,45.728
India,1853,IND,238079774.0,,,,,,,,,,,,,,,,,,,,,903.581,,,,0.193,1.267,173.143,0.727,203.159,0.853,21.78,0.091,,,,,,,,,,,,8.052,,,5.959,,5.675,0.0,0.0,0.0,0.0,301.572,45.952
India,1854,IND,238843552.0,,,,,,,,,,,,,,,,,,,,,1061.833,,,,0.193,1.249,158.252,0.663,203.933,0.854,22.144,0.093,,,,,,,,,,,,7.511,,,5.429,,5.55,0.0,0.0,0.0,0.0,298.259,46.177
India,1855,IND,239609756.0,,,,,,,,,,,,,,,,,,,,,1208.27,,,,0.194,1.23,146.436,0.611,204.708,0.854,22.48,0.094,,,,,,,,,,,,7.101,,,5.087,,5.463,0.0,0.0,0.001,0.0,294.612,46.401
India,1856,IND,240378394.0,,,,,,,,,,,,,,,,,,,,,1348.249,,,,0.194,1.225,139.979,0.582,205.484,0.855,22.779,0.095,,,,,,,,,,,,6.747,,,4.715,,5.379,0.0,0.0,0.001,0.0,294.387,46.625
India,1857,IND,241149472.0,,,,,,,,,,,,,,,,,,,,,1481.091,,,,0.194,1.207,132.842,0.551,206.26,0.855,23.036,0.096,,,,,,,,,,,,6.458,,,4.501,,5.308,0.0,0.0,0.001,0.0,291.145,46.848
India,1858,IND,241923000.0,,,,0.394,,,128.179,,,0.53,,0.002,,0.394,0.002,,0.394,128.179,0.394,0.0,1608.875,0.0,0.0,0.0,0.197,1.204,127.784,0.528,207.113,0.856,23.243,0.096,0.0,0.0,,0.138,3.931,0.138,,0.006,0.456,0.006,,6.21,0.0,,4.296,0.0,5.251,0.0,0.0,0.001,0.0,291.176,47.541
India,1859,IND,242698983.0,,,,0.636,0.242,61.345,123.026,-5.153,-4.02,0.507,,0.003,,0.636,0.003,,1.031,251.204,1.031,0.0,1731.264,0.0,0.0,0.0,0.198,1.191,122.389,0.504,207.937,0.857,23.396,0.096,0.0,0.0,,0.21,3.682,0.21,,0.015,0.799,0.015,,5.981,0.0,,4.028,0.0,5.187,0.001,0.0,0.001,0.0,289.092,48.051
India,1860,IND,243477427.0,,,,0.643,0.007,1.042,122.298,-0.727,-0.591,0.502,,0.003,,0.643,0.003,,1.674,373.503,1.674,0.0,1852.92,0.0,0.0,0.0,0.198,1.192,121.655,0.5,208.717,0.857,23.487,0.096,0.0,0.0,,0.194,3.928,0.194,,0.023,1.081,0.023,,5.84,0.0,,4.375,0.0,5.163,0.001,0.0,0.001,0.0,290.15,48.279
India,1861,IND,244258342.0,219618557952.0,,,0.497,-0.146,-22.68,119.583,-2.715,-2.22,0.49,0.545,0.002,0.002,0.497,0.002,,2.171,493.086,2.171,0.0,1972.005,0.0,0.0,0.0,0.198,1.188,119.086,0.488,209.468,0.858,23.539,0.096,0.0,0.0,,0.142,3.837,0.143,,0.028,1.309,0.028,,5.717,0.0,,4.303,0.0,5.139,0.001,0.0,0.001,0.0,290.156,48.326
India,1862,IND,245041734.0,,,,0.55,0.053,10.667,116.69,-2.893,-2.419,0.476,,0.002,,0.55,0.002,,2.722,609.776,2.722,0.0,2088.145,0.0,0.0,0.0,0.198,1.183,116.14,0.474,210.258,0.858,23.581,0.096,0.0,0.0,,0.155,3.769,0.155,,0.034,1.496,0.034,,5.608,0.0,,4.238,0.0,5.118,0.001,0.0,0.001,0.0,289.921,48.609
India,1863,IND,245827611.0,,,,0.61,0.06,10.843,115.616,-1.074,-0.92,0.47,,0.002,,0.61,0.002,,3.332,725.392,3.332,0.0,2203.152,0.0,0.0,0.0,0.199,1.182,115.006,0.468,211.05,0.859,23.615,0.096,0.0,0.0,,0.161,3.746,0.161,,0.039,1.654,0.039,,5.516,0.0,,4.248,0.0,5.099,0.001,0.0,0.001,0.0,290.642,48.901
India,1864,IND,246615984.0,,,,0.577,-0.033,-5.435,113.272,-2.345,-2.028,0.459,,0.002,,0.577,0.002,,3.908,838.664,3.908,0.0,2315.846,0.0,0.0,0.0,0.199,1.176,112.695,0.457,211.825,0.859,23.645,0.096,0.0,0.0,,0.141,3.741,0.141,,0.044,1.789,0.044,,5.441,0.0,,4.303,0.0,5.084,0.001,0.0,0.001,0.0,290.141,49.083
India,1865,IND,247406860.0,,,,0.567,-0.01,-1.724,114.497,1.225,1.082,0.463,,0.002,,0.567,0.002,,4.475,953.161,4.475,0.0,2429.776,0.0,0.0,0.0,0.199,1.18,113.93,0.46,212.604,0.859,23.673,0.096,0.0,0.0,,0.13,3.809,0.131,,0.048,1.911,0.048,,5.383,0.0,,4.431,0.0,5.073,0.001,0.0,0.001,0.0,292.029,49.293
India,1866,IND,248200247.0,,,,0.64,0.073,12.866,113.185,-1.312,-1.146,0.456,,0.003,,0.64,0.003,,5.115,1066.346,5.115,0.0,2542.321,0.0,0.0,0.0,0.2,1.179,112.545,0.453,213.401,0.86,23.701,0.095,0.0,0.0,,0.142,3.702,0.143,,0.052,2.014,0.052,,5.325,0.0,,4.315,0.0,5.057,0.001,0.0,0.002,0.0,292.595,49.602
India,1867,IND,248996154.0,,,,,,,,,,,,,,,,,,,,,2653.632,,,,0.197,1.172,111.31,0.447,214.061,0.86,23.731,0.095,,,,,,,,,,,,5.274,,,4.331,,5.041,0.001,0.0,0.002,0.0,291.82,49.063
India,1868,IND,249794587.0,,,,,,,,,,,,,,,,,,,,,2764.227,,,,0.197,1.172,110.596,0.443,214.845,0.86,23.768,0.095,,,,,,,,,,,,5.23,,,4.356,,5.027,0.001,0.001,0.002,0.0,292.8,49.287
India,1869,IND,250501067.0,,,,,,,,,,,,,,,,,,,,,2874.006,,,,0.198,1.171,109.778,0.438,215.629,0.861,23.812,0.095,,,,,,,,,,,,5.184,,,4.247,,5.008,0.001,0.001,0.002,0.0,293.283,49.512
India,1870,IND,251115205.0,215049994240.0,,,,,,,,,,,,,,,,,,,,2983.762,,,,0.202,1.175,109.757,0.437,217.394,0.866,23.866,0.095,,,,,,,,,,,,5.12,,,3.871,,4.981,0.001,0.001,0.002,0.0,295.061,50.719
India,1871,IND,251636609.0,,,,,,,,,,,,,,,,,,,,,3093.578,,,,0.202,1.177,109.816,0.436,217.755,0.865,24.253,0.096,,,,,,,,,,,,5.061,,,3.847,,4.951,0.001,0.001,0.002,0.0,296.075,50.824
India,1872,IND,252064885.0,,,,,,,,,,,,,,,,,,,,,3204.223,,,,0.202,1.18,110.645,0.439,218.116,0.865,25.205,0.1,,,,,,,,,,,,4.993,,,3.625,,4.906,0.001,0.001,0.002,0.0,297.484,50.946
India,1873,IND,252399639.0,,,,,,,,,,,,,,,,,,,,,3314.807,,,,0.202,1.187,110.584,0.438,218.477,0.866,26.591,0.105,,,,,,,,,,,,4.936,,,3.711,,4.866,0.001,0.001,0.002,0.0,299.633,51.081
India,1874,IND,252734813.0,,,,,,,,,,,,,,,,,,,,,3424.594,,,,0.203,1.192,109.786,0.434,218.838,0.866,28.28,0.112,,,,,,,,,,,,4.869,,,3.455,,4.822,0.001,0.001,0.002,0.0,301.231,51.225
India,1875,IND,253070405.0,,,,,,,,,,,,,,,,,,,,,3534.567,,,,0.203,1.201,109.973,0.435,219.199,0.866,30.142,0.119,,,,,,,,,,,,4.802,,,3.371,,4.776,0.001,0.001,0.002,0.0,303.894,51.374
India,1876,IND,253406417.0,,,,,,,,,,,,,,,,,,,,,3645.312,,,,0.203,1.21,110.746,0.437,219.56,0.866,32.045,0.126,,,,,,,,,,,,4.741,,,3.373,,4.732,0.002,0.001,0.003,0.0,306.509,51.524
India,1877,IND,253742849.0,,,,,,,,,,,,,,,,,,,,,3754.343,,,,0.204,1.212,109.03,0.43,219.921,0.867,33.859,0.133,,,,,,,,,,,,4.689,,,3.427,,4.693,0.002,0.001,0.003,0.0,307.592,51.672
India,1878,IND,254079702.0,,,,1.767,,,111.449,,,0.439,,0.007,,1.767,0.007,,6.882,1177.794,6.882,0.0,3864.025,0.0,0.0,0.0,0.212,1.229,109.682,0.432,220.622,0.868,35.452,0.14,0.0,0.0,,0.249,2.796,0.253,,0.04,1.229,0.04,,4.636,0.0,,3.347,0.0,4.655,0.002,0.001,0.003,0.0,312.357,53.92
India,1879,IND,254760858.0,,,,1.684,-0.083,-4.671,110.996,-0.453,-0.407,0.436,,0.007,,1.611,0.006,,8.566,1288.79,8.493,0.0,3973.335,0.073,0.0,0.0,0.212,1.23,109.311,0.429,220.956,0.867,36.695,0.144,0.073,0.0,,0.222,2.754,0.216,,0.048,1.29,0.048,,4.588,0.09,,3.343,0.579,4.617,0.002,0.001,0.003,0.0,313.431,53.941
India,1880,IND,255789440.0,,,,1.887,0.202,12.016,114.927,3.932,3.542,0.449,,0.007,,1.777,0.007,,10.453,1403.717,10.27,0.0,4086.376,0.183,0.0,0.0,0.212,1.235,113.04,0.442,221.35,0.865,37.455,0.146,0.11,0.0,,0.22,2.712,0.211,,0.056,1.348,0.055,,4.541,0.189,,3.344,0.715,4.573,0.002,0.001,0.003,0.0,315.9,54.294
India,1881,IND,257168597.0,,,,1.839,-0.047,-2.514,117.39,2.463,2.143,0.456,,0.007,,1.74,0.007,,12.292,1521.107,12.01,0.0,4201.927,0.282,0.0,0.0,0.213,1.243,115.551,0.449,223.263,0.868,37.892,0.147,0.099,0.0,,0.207,2.752,0.2,,0.063,1.403,0.062,,4.5,0.248,,3.422,0.575,4.536,0.002,0.001,0.003,0.0,319.783,54.687
India,1882,IND,258901501.0,,,,2.196,0.357,19.407,120.702,3.312,2.821,0.466,,0.008,,1.969,0.008,,14.489,1641.81,13.979,0.0,4320.433,0.509,0.0,0.0,0.215,1.25,118.506,0.458,225.234,0.87,38.26,0.148,0.227,0.001,,0.234,2.686,0.214,,0.071,1.454,0.069,0.0,4.458,0.383,0.0,3.332,1.199,4.498,0.002,0.001,0.003,0.0,323.544,55.541
India,1883,IND,260991354.0,,,,2.441,0.245,11.138,120.687,-0.015,-0.012,0.462,,0.009,,2.291,0.009,,16.93,1762.497,16.27,0.0,4438.679,0.66,0.0,0.0,0.216,1.251,118.246,0.453,227.217,0.871,38.573,0.148,0.15,0.001,,0.245,2.696,0.234,,0.079,1.502,0.076,0.0,4.421,0.442,0.0,3.399,0.91,4.467,0.002,0.001,0.003,0.0,326.559,56.293
India,1884,IND,263098048.0,233500590080.0,,,2.73,0.289,11.844,121.618,0.93,0.771,0.462,0.521,0.01,0.012,2.433,0.009,,19.66,1884.114,18.703,0.0,4557.567,0.956,0.0,0.0,0.217,1.252,118.888,0.452,229.174,0.871,38.845,0.148,0.297,0.001,,0.27,2.62,0.246,,0.087,1.544,0.084,0.0,4.381,0.57,0.0,3.273,1.62,4.437,0.002,0.001,0.003,0.0,329.279,57.064
India,1885,IND,265221721.0,242433818624.0,,,2.459,-0.271,-9.912,122.11,0.492,0.405,0.46,0.504,0.009,0.01,2.254,0.008,,22.119,2006.224,20.957,0.0,4677.217,1.162,0.0,0.0,0.216,1.252,119.651,0.451,231.064,0.871,39.089,0.147,0.205,0.001,,0.242,2.627,0.227,,0.094,1.584,0.09,0.0,4.344,0.622,0.0,3.295,1.082,4.412,0.002,0.001,0.003,0.0,332.027,57.205
India,1886,IND,267362508.0,236355829760.0,,,2.772,0.313,12.713,122.711,0.601,0.493,0.459,0.519,0.01,0.012,2.417,0.009,,24.891,2128.936,23.374,0.0,4797.157,1.517,0.0,0.0,0.217,1.252,119.939,0.449,233.028,0.872,39.32,0.147,0.355,0.001,,0.268,2.68,0.241,,0.101,1.622,0.096,0.0,4.314,0.728,0.0,3.383,1.629,4.394,0.002,0.001,0.004,0.0,334.671,58.004
India,1887,IND,269520547.0,248702402560.0,,,3.066,0.294,10.604,123.787,1.076,0.876,0.459,0.498,0.011,0.012,2.722,0.01,,27.957,2252.723,26.096,0.0,4917.878,1.861,0.0,0.0,0.218,1.256,120.721,0.448,235.016,0.872,39.551,0.147,0.344,0.001,,0.283,2.592,0.26,,0.109,1.656,0.103,0.0,4.28,0.802,0.0,3.27,1.465,4.376,0.002,0.001,0.004,0.0,338.476,58.809
India,1888,IND,271695977.0,252440838144.0,,,3.41,0.344,11.205,125.229,1.442,1.165,0.461,0.496,0.013,0.014,2.974,0.011,,31.367,2377.952,29.07,0.0,5039.697,2.297,0.0,0.0,0.22,1.261,121.82,0.448,236.999,0.872,39.797,0.146,0.436,0.002,,0.284,2.627,0.256,,0.117,1.689,0.109,0.0,4.254,0.895,0.0,3.416,1.772,4.361,0.002,0.001,0.004,0.0,342.476,59.657
India,1889,IND,273520781.0,247072505856.0,,,4.022,0.612,17.958,124.552,-0.677,-0.541,0.455,0.504,0.015,0.016,3.388,0.012,,35.389,2502.504,32.458,0.0,5160.228,2.931,0.0,0.0,0.222,1.261,120.53,0.441,239.017,0.874,40.07,0.146,0.634,0.002,,0.335,2.553,0.292,,0.126,1.718,0.117,0.0,4.225,1.028,0.0,3.277,2.231,4.347,0.002,0.001,0.004,0.001,344.943,60.811
India,1890,IND,274991729.0,260331798528.0,,,4.432,0.41,10.19,123.959,-0.592,-0.476,0.451,0.476,0.016,0.017,3.776,0.014,,39.82,2626.463,36.234,0.0,5279.755,3.586,0.0,0.0,0.225,1.27,119.528,0.435,241.026,0.876,41.601,0.151,0.656,0.002,,0.339,2.358,0.3,,0.136,1.74,0.125,0.0,4.187,1.122,0.0,3.026,1.893,4.327,0.002,0.001,0.004,0.001,349.263,61.813
India,1891,IND,276105563.0,236132745216.0,,,4.772,0.341,7.689,123.27,-0.69,-0.556,0.446,0.522,0.017,0.02,4.054,0.015,,44.593,2749.733,40.288,0.0,5398.252,4.305,0.0,0.0,0.226,1.27,118.497,0.429,241.501,0.875,41.718,0.151,0.718,0.003,,0.349,2.229,0.307,,0.145,1.758,0.133,0.0,4.144,1.194,0.0,2.848,1.759,4.302,0.002,0.001,0.004,0.001,350.617,62.341
India,1892,IND,276859000.0,255340527616.0,,,5.247,0.475,9.95,122.805,-0.465,-0.377,0.444,0.481,0.019,0.021,4.416,0.016,,49.84,2872.538,44.704,0.0,5515.81,5.136,0.0,0.0,0.228,1.273,117.558,0.425,241.995,0.874,41.84,0.151,0.831,0.003,,0.38,2.24,0.332,,0.155,1.774,0.141,0.0,4.105,1.282,0.0,2.866,2.067,4.281,0.003,0.001,0.004,0.001,352.333,63.023
India,1893,IND,277248729.0,261684559872.0,,,5.543,0.296,5.639,121.651,-1.154,-0.94,0.439,0.465,0.02,0.021,4.459,0.016,,55.383,2994.188,49.163,0.0,5631.917,6.22,0.0,0.0,0.229,1.272,116.108,0.419,242.432,0.874,41.967,0.151,1.084,0.004,,0.407,2.153,0.34,,0.165,1.787,0.149,0.0,4.062,1.403,0.0,2.707,2.548,4.259,0.003,0.001,0.004,0.001,352.55,63.471
India,1894,IND,277638978.0,265797353472.0,,,5.617,0.074,1.326,121.082,-0.569,-0.467,0.436,0.456,0.02,0.021,4.91,0.018,,61.0,3115.271,54.073,0.0,5747.383,6.927,0.0,0.0,0.23,1.273,115.465,0.416,242.925,0.875,42.099,0.152,0.707,0.003,,0.398,2.118,0.36,,0.175,1.798,0.158,0.0,4.02,1.429,0.0,2.683,1.696,4.236,0.003,0.001,0.005,0.001,353.417,63.754
India,1895,IND,278029747.0,259487842304.0,,,7.035,1.418,25.246,123.007,1.925,1.59,0.442,0.474,0.025,0.027,6.162,0.022,,68.035,3238.277,60.235,0.0,5863.355,7.799,0.0,0.0,0.236,1.282,115.972,0.417,243.591,0.876,42.235,0.152,0.872,0.003,,0.47,2.119,0.428,,0.187,1.808,0.168,0.0,3.982,1.462,0.0,2.691,1.797,4.215,0.003,0.001,0.005,0.001,356.557,65.555
India,1896,IND,278421038.0,240158998528.0,,,7.608,0.573,8.15,122.669,-0.337,-0.274,0.441,0.511,0.027,0.032,6.703,0.024,,75.643,3360.947,66.938,0.0,5978.416,8.705,0.0,0.0,0.238,1.286,115.061,0.413,244.117,0.877,42.376,0.152,0.905,0.003,,0.493,2.119,0.451,,0.199,1.818,0.18,0.0,3.946,1.485,0.0,2.711,1.722,4.195,0.003,0.001,0.005,0.001,358.025,66.374
India,1897,IND,278812851.0,284161114112.0,,,8.253,0.645,8.482,123.318,0.649,0.529,0.442,0.434,0.03,0.029,7.081,0.025,,83.896,3484.265,74.019,0.0,6093.481,9.877,0.0,0.0,0.241,1.292,115.065,0.413,244.62,0.877,42.522,0.153,1.172,0.004,,0.51,2.048,0.455,,0.212,1.825,0.191,0.0,3.908,1.54,0.0,2.613,2.111,4.172,0.003,0.001,0.005,0.001,360.264,67.244
India,1898,IND,279205186.0,284652077056.0,,,9.125,0.872,10.563,124.219,0.901,0.731,0.445,0.436,0.033,0.032,8.023,0.029,,93.021,3608.484,82.042,0.0,6208.574,10.98,0.0,0.0,0.245,1.297,115.094,0.412,245.221,0.878,42.671,0.153,1.102,0.004,,0.535,2.049,0.489,,0.225,1.832,0.203,0.0,3.874,1.571,0.0,2.642,1.928,4.15,0.003,0.001,0.005,0.001,362.066,68.439
India,1899,IND,279838410.0,262708314112.0,,,10.054,0.929,10.184,124.393,0.174,0.14,0.445,0.474,0.036,0.038,8.871,0.032,,103.076,3732.876,90.913,0.0,6322.913,12.163,0.0,0.0,0.249,1.302,114.338,0.409,245.808,0.878,42.824,0.153,1.183,0.004,,0.54,1.971,0.495,,0.239,1.836,0.215,0.0,3.839,1.603,0.0,2.571,1.971,4.126,0.003,0.001,0.005,0.001,364.375,69.68
India,1900,IND,280714154.0,271697494016.0,,,11.93,1.875,18.649,121.603,-2.79,-2.243,0.433,0.448,0.042,0.044,10.654,0.038,,115.005,3854.479,101.567,0.0,6432.586,13.438,0.0,0.0,0.257,1.311,109.673,0.391,246.576,0.878,42.982,0.153,1.275,0.005,,0.608,1.88,0.566,,0.255,1.838,0.23,0.0,3.801,1.627,0.0,2.434,1.894,4.101,0.003,0.001,0.005,0.001,368.109,72.049
India,1901,IND,281834058.0,277327806464.0,,,13.18,1.25,10.479,119.98,-1.623,-1.334,0.426,0.433,0.047,0.048,11.553,0.041,,128.185,3974.459,113.12,0.0,6539.386,15.065,0.0,0.0,0.261,1.304,106.8,0.379,245.603,0.871,43.152,0.153,1.627,0.006,,0.651,1.83,0.597,,0.272,1.837,0.246,0.0,3.764,1.672,0.0,2.356,2.176,4.073,0.003,0.001,0.005,0.001,367.502,73.498
India,1902,IND,283199773.0,300671991808.0,,,14.515,1.336,10.135,120.047,0.067,0.056,0.424,0.399,0.051,0.048,12.926,0.046,,142.7,4094.506,126.045,0.0,6644.918,16.655,0.0,0.0,0.265,1.296,105.531,0.373,244.717,0.864,43.34,0.153,1.59,0.006,,0.7,1.791,0.653,,0.29,1.836,0.262,0.0,3.725,1.697,0.0,2.281,1.967,4.04,0.003,0.001,0.006,0.001,366.982,75.127
India,1903,IND,284812956.0,304764387328.0,,,14.802,0.287,1.975,118.649,-1.398,-1.164,0.417,0.389,0.052,0.049,12.952,0.045,,157.502,4213.155,138.997,0.0,6748.765,18.505,0.0,0.0,0.265,1.292,103.847,0.365,243.574,0.855,43.542,0.153,1.85,0.006,,0.654,1.73,0.599,,0.306,1.833,0.277,0.0,3.688,1.734,0.0,2.259,2.162,4.003,0.003,0.002,0.006,0.001,367.866,75.454
India,1904,IND,286435299.0,306075009024.0,,,16.561,1.759,11.883,120.082,1.432,1.207,0.419,0.392,0.058,0.054,14.308,0.05,,174.063,4333.237,153.305,0.0,6852.286,20.758,0.0,0.0,0.271,1.29,103.521,0.361,242.699,0.847,43.752,0.153,2.253,0.008,,0.724,1.724,0.658,,0.324,1.83,0.293,0.0,3.651,1.785,0.0,2.212,2.345,3.963,0.003,0.002,0.006,0.001,369.428,77.525
India,1905,IND,288066854.0,300632506368.0,,,16.931,0.37,2.232,119.063,-1.019,-0.848,0.413,0.396,0.059,0.056,14.659,0.051,,190.994,4452.299,167.964,0.0,6954.417,23.03,0.0,0.0,0.271,1.282,102.132,0.355,241.619,0.839,43.965,0.153,2.272,0.008,,0.695,1.639,0.632,,0.34,1.824,0.307,0.0,3.613,1.827,0.0,2.116,2.341,3.917,0.003,0.002,0.006,0.001,369.413,78.003
India,1906,IND,289707671.0,308969701376.0,,,19.549,2.619,15.467,118.934,-0.128,-0.108,0.411,0.385,0.067,0.063,17.036,0.059,,210.544,4571.234,185.0,0.0,7053.802,25.544,0.0,0.0,0.28,1.277,99.385,0.343,240.934,0.832,44.175,0.152,2.514,0.009,,0.768,1.611,0.702,,0.359,1.818,0.324,0.0,3.575,1.881,0.0,2.055,2.568,3.869,0.004,0.002,0.006,0.001,369.858,81.125
India,1907,IND,291357804.0,290665103360.0,,,21.772,2.223,11.371,119.807,0.873,0.734,0.411,0.412,0.075,0.075,19.413,0.067,,232.316,4691.042,204.413,0.0,7151.838,27.903,0.0,0.0,0.288,1.276,98.035,0.336,240.236,0.825,44.379,0.152,2.36,0.008,,0.751,1.566,0.704,,0.377,1.81,0.341,0.0,3.539,1.888,0.0,2.065,1.976,3.817,0.004,0.002,0.006,0.001,371.728,83.838
India,1908,IND,293017306.0,294816907264.0,,,24.908,3.136,14.403,123.071,3.264,2.724,0.42,0.417,0.085,0.084,22.237,0.076,,257.224,4814.112,226.65,0.0,7250.0,30.574,0.0,0.0,0.299,1.282,98.163,0.335,239.64,0.818,44.569,0.152,2.671,0.009,,0.894,1.614,0.844,,0.399,1.805,0.363,0.0,3.504,1.903,0.0,2.029,2.074,3.766,0.004,0.002,0.006,0.001,375.615,87.561
India,1909,IND,294397607.0,335358001152.0,,,24.143,-0.766,-3.074,121.07,-2.001,-1.626,0.411,0.361,0.082,0.072,20.669,0.07,,281.367,4935.183,247.319,0.0,7346.928,34.048,0.0,0.0,0.294,1.271,96.928,0.329,238.225,0.809,44.742,0.152,3.473,0.012,,0.832,1.543,0.754,,0.418,1.797,0.379,0.0,3.468,1.956,0.0,1.96,2.585,3.712,0.004,0.002,0.006,0.001,374.13,86.561
India,1910,IND,295496971.0,335633088512.0,,,23.487,-0.655,-2.714,123.851,2.78,2.297,0.419,0.369,0.079,0.07,20.977,0.071,,304.854,5059.034,268.297,0.0,7447.292,36.558,0.0,0.0,0.291,1.271,100.363,0.34,237.088,0.802,44.892,0.152,2.51,0.008,,0.772,1.59,0.73,,0.433,1.792,0.394,0.0,3.438,1.94,0.0,2.114,1.742,3.658,0.004,0.002,0.006,0.001,375.5,85.942
India,1911,IND,296313651.0,333713113088.0,,,24.782,1.295,5.514,126.601,2.75,2.221,0.427,0.379,0.084,0.074,22.144,0.075,,329.637,5185.634,290.441,0.0,7549.11,39.196,0.0,0.0,0.296,1.277,101.819,0.344,237.745,0.802,45.022,0.152,2.638,0.009,,0.802,1.599,0.761,,0.449,1.786,0.409,0.0,3.409,1.924,0.0,2.109,1.726,3.607,0.004,0.002,0.006,0.001,378.516,87.649
India,1912,IND,296845891.0,333133185024.0,,,28.521,3.739,15.087,130.013,3.412,2.695,0.438,0.39,0.096,0.086,25.609,0.086,,358.158,5315.647,316.049,0.0,7650.602,42.109,0.0,0.0,0.311,1.292,101.492,0.342,238.787,0.804,45.14,0.152,2.913,0.01,,0.879,1.639,0.837,,0.467,1.782,0.427,0.0,3.383,1.919,0.0,2.166,1.853,3.559,0.004,0.002,0.007,0.001,383.513,92.183
India,1913,IND,297091925.0,325870092288.0,,,31.467,2.945,10.327,133.774,3.761,2.893,0.45,0.411,0.106,0.097,28.224,0.095,,389.625,5449.422,344.274,0.0,7752.909,45.351,0.0,0.0,0.322,1.31,102.308,0.344,239.671,0.807,45.249,0.152,3.243,0.011,,0.895,1.666,0.855,,0.486,1.779,0.445,0.0,3.362,1.908,0.0,2.266,1.782,3.513,0.004,0.002,0.007,0.001,389.297,95.764
India,1914,IND,297338132.0,343519985664.0,,,31.698,0.231,0.735,133.448,-0.326,-0.244,0.449,0.388,0.107,0.092,28.671,0.096,,421.323,5582.871,372.945,0.0,7854.66,48.378,0.0,0.0,0.324,1.312,101.75,0.342,240.123,0.808,45.352,0.153,3.027,0.01,,0.994,1.714,0.965,,0.505,1.778,0.464,0.0,3.339,1.888,0.0,2.214,1.627,3.473,0.004,0.002,0.007,0.001,390.188,96.198
India,1915,IND,297584511.0,334924185600.0,,,33.142,1.444,4.554,134.658,1.21,0.907,0.453,0.402,0.111,0.099,29.785,0.1,,454.465,5717.528,402.73,0.0,7956.176,51.734,0.0,0.0,0.329,1.319,101.517,0.341,240.714,0.809,45.452,0.153,3.356,0.011,,1.055,1.746,1.024,,0.525,1.777,0.484,0.0,3.318,1.874,0.0,2.221,1.699,3.436,0.004,0.002,0.007,0.001,392.417,97.981
India,1916,IND,297831063.0,344693997568.0,,,33.518,0.376,1.134,134.318,-0.341,-0.253,0.451,0.39,0.113,0.097,30.044,0.101,,487.982,5851.847,432.775,0.0,8056.977,55.207,0.0,0.0,0.331,1.324,100.8,0.338,241.141,0.81,45.55,0.153,3.473,0.012,,0.988,1.697,0.958,,0.543,1.775,0.501,0.0,3.298,1.855,0.0,2.229,1.614,3.399,0.004,0.002,0.007,0.001,394.301,98.532
India,1917,IND,298077789.0,338632802304.0,,,35.02,1.502,4.482,135.966,1.649,1.227,0.456,0.402,0.117,0.103,31.715,0.106,,523.002,5987.812,464.49,0.0,8157.923,58.512,0.0,0.0,0.337,1.341,100.946,0.339,241.825,0.811,45.651,0.153,3.305,0.011,,0.987,1.68,0.971,,0.56,1.773,0.518,0.0,3.278,1.82,0.0,2.221,1.381,3.363,0.004,0.002,0.007,0.001,399.712,100.467
India,1918,IND,298421342.0,295336804352.0,,,39.359,4.34,12.392,140.009,4.042,2.973,0.469,0.474,0.132,0.133,36.087,0.121,,562.361,6127.821,500.577,0.0,8258.572,61.784,0.0,0.0,0.354,1.355,100.649,0.337,243.03,0.814,45.756,0.153,3.272,0.011,,1.125,1.74,1.122,,0.58,1.772,0.539,0.0,3.259,1.786,0.0,2.213,1.335,3.331,0.004,0.002,0.007,0.001,404.508,105.759
India,1919,IND,299273541.0,335829991424.0,,,42.975,3.615,9.186,144.019,4.011,2.865,0.481,0.429,0.144,0.128,39.403,0.132,,605.336,6271.841,539.98,0.0,8359.617,65.356,0.0,0.0,0.368,1.371,101.045,0.338,244.039,0.815,45.868,0.153,3.572,0.012,,1.417,1.916,1.449,,0.605,1.775,0.565,0.0,3.241,1.751,0.0,2.255,1.306,3.307,0.004,0.002,0.007,0.001,410.289,110.131
India,1920,IND,300639878.0,309267202048.0,,,34.868,-8.107,-18.864,298.929,154.91,107.562,0.994,0.967,0.116,0.113,31.277,0.104,,640.204,6570.77,571.257,0.0,8623.678,68.947,0.0,0.0,0.335,1.545,264.061,0.878,242.867,0.808,45.991,0.153,3.591,0.012,,0.986,3.672,0.998,,0.618,1.818,0.579,0.0,3.285,1.684,0.0,5.736,0.995,3.289,0.004,0.002,0.007,0.001,464.457,100.6
India,1921,IND,302525896.0,332498599936.0,,,37.506,2.638,7.564,368.822,69.893,23.381,1.219,1.109,0.124,0.113,33.614,0.111,,677.709,6939.592,604.871,0.0,8954.995,72.838,0.0,0.0,0.344,1.643,331.317,1.095,245.727,0.812,46.134,0.152,3.891,0.013,,1.207,4.642,1.258,,0.635,1.879,0.596,0.0,3.35,1.622,0.0,6.847,0.979,3.284,0.004,0.002,0.007,0.001,496.972,104.149
India,1922,IND,304937193.0,346716798976.0,,,36.903,-0.602,-1.606,407.255,38.433,10.42,1.336,1.175,0.121,0.106,33.104,0.109,,714.613,7346.847,637.975,0.0,9325.347,76.637,0.0,0.0,0.341,1.69,370.352,1.215,248.148,0.814,46.3,0.152,3.799,0.012,,1.134,5.055,1.194,,0.65,1.946,0.612,0.0,3.427,1.554,0.0,7.712,0.867,3.283,0.004,0.003,0.008,0.001,515.495,104.018
India,1923,IND,307879422.0,335551987712.0,,,37.972,1.069,2.895,431.439,24.184,5.938,1.401,1.286,0.123,0.113,34.231,0.111,,752.585,7778.286,672.206,0.0,9718.813,80.378,0.0,0.0,0.344,1.712,393.467,1.278,250.887,0.815,46.483,0.151,3.741,0.012,,1.029,5.018,1.087,,0.662,2.015,0.626,0.0,3.508,1.484,0.0,8.017,0.77,3.282,0.004,0.003,0.008,0.001,527.206,105.876
India,1924,IND,310850039.0,351853707264.0,,,40.628,2.656,6.995,452.387,20.949,4.856,1.455,1.286,0.131,0.115,36.879,0.119,,793.213,8230.674,709.086,0.0,10130.572,84.127,0.0,0.0,0.353,1.739,411.759,1.325,253.91,0.817,46.676,0.15,3.749,0.012,,1.097,5.246,1.169,,0.676,2.085,0.642,0.0,3.593,1.426,0.0,8.367,0.774,3.286,0.004,0.003,0.008,0.001,540.543,109.605
India,1925,IND,313849318.0,356048699392.0,,,40.085,-0.543,-1.337,466.505,14.118,3.121,1.486,1.31,0.128,0.113,36.399,0.116,,833.298,8697.178,745.485,0.0,10556.992,87.813,0.0,0.0,0.349,1.751,426.42,1.359,256.344,0.817,46.873,0.149,3.686,0.012,,1.072,5.387,1.154,,0.688,2.156,0.656,0.0,3.68,1.371,0.0,8.67,0.729,3.294,0.004,0.003,0.008,0.001,549.459,109.545
India,1926,IND,316877536.0,367478407168.0,,,39.943,-0.142,-0.355,475.905,9.4,2.015,1.502,1.295,0.126,0.109,36.568,0.115,,873.24,9173.083,782.053,0.0,10992.955,91.187,0.0,0.0,0.347,1.758,435.962,1.376,258.894,0.817,47.067,0.149,3.375,0.011,,1.086,5.529,1.186,,0.7,2.227,0.67,0.0,3.767,1.319,0.0,8.843,0.666,3.305,0.004,0.003,0.008,0.001,556.948,110.003
India,1927,IND,319934973.0,367200010240.0,,,41.884,1.941,4.86,487.53,11.625,2.443,1.524,1.328,0.131,0.114,38.454,0.12,,915.124,9660.613,820.507,0.0,11438.602,94.617,0.0,0.0,0.353,1.77,445.646,1.393,261.777,0.818,47.251,0.148,3.43,0.011,,1.044,5.43,1.143,,0.711,2.295,0.683,0.0,3.854,1.267,0.0,8.974,0.619,3.317,0.004,0.003,0.009,0.001,566.427,112.878
India,1928,IND,323021910.0,370912493568.0,0.289,0.001,40.073,-1.811,-4.323,491.439,3.908,0.802,1.521,1.325,0.124,0.108,39.257,0.122,0.289,955.197,10152.052,859.764,0.0,11889.967,95.144,0.0,0.0,0.346,1.766,451.366,1.397,264.355,0.818,47.419,0.147,0.528,0.002,0.812,1.003,5.499,1.187,0.348,0.72,2.362,0.697,0.0,3.941,1.184,0.0,9.137,0.093,3.332,0.004,0.003,0.009,0.001,570.298,111.696
India,1929,IND,326429031.0,386395996160.0,0.293,0.001,41.708,1.635,4.08,502.569,11.131,2.265,1.54,1.301,0.128,0.108,40.781,0.125,0.581,996.905,10654.622,900.545,0.0,12350.828,95.778,0.0,0.0,0.35,1.779,460.862,1.412,267.185,0.819,47.564,0.146,0.634,0.002,0.793,0.973,5.473,1.157,0.485,0.728,2.427,0.709,0.0,4.028,1.107,0.0,9.417,0.102,3.347,0.004,0.003,0.009,0.001,580.565,114.215
India,1930,IND,330163509.0,389214797824.0,0.293,0.001,42.399,0.692,1.658,514.733,12.164,2.42,1.559,1.322,0.128,0.109,41.451,0.126,0.874,1039.304,11169.354,941.996,0.0,12823.163,96.434,0.0,0.0,0.35,1.785,472.334,1.431,269.84,0.817,47.679,0.144,0.656,0.002,0.823,1.071,5.733,1.289,0.563,0.737,2.493,0.724,0.0,4.115,1.042,0.0,9.409,0.109,3.368,0.005,0.003,0.009,0.001,589.28,115.616
India,1931,IND,334232641.0,386353004544.0,0.3,0.001,38.851,-3.548,-8.369,515.897,1.164,0.226,1.544,1.335,0.116,0.101,37.814,0.113,1.174,1078.155,11685.252,979.811,0.0,13300.209,97.171,0.0,0.0,0.336,1.769,477.046,1.427,272.854,0.816,47.778,0.143,0.736,0.002,0.971,1.098,5.913,1.335,0.63,0.746,2.558,0.737,0.0,4.198,0.988,0.0,9.201,0.127,3.391,0.005,0.004,0.01,0.001,591.399,112.199
India,1932,IND,338643856.0,390754009088.0,0.304,0.001,36.129,-2.722,-7.005,516.214,0.317,0.061,1.524,1.321,0.107,0.092,35.093,0.104,1.478,1114.285,12201.466,1014.904,0.0,13780.294,97.903,0.0,0.0,0.324,1.757,480.085,1.418,276.041,0.815,47.877,0.141,0.733,0.002,1.23,1.132,6.126,1.391,0.701,0.754,2.623,0.749,0.0,4.279,0.942,0.0,9.173,0.132,3.418,0.005,0.004,0.01,0.001,594.829,109.791
India,1933,IND,343404711.0,391381188608.0,0.319,0.001,35.467,-0.662,-1.833,520.378,4.164,0.807,1.515,1.33,0.103,0.091,34.46,0.1,1.797,1149.752,12721.844,1049.363,0.0,14265.205,98.592,0.0,0.0,0.32,1.754,484.911,1.412,279.627,0.814,47.978,0.14,0.689,0.002,1.337,1.055,6.009,1.306,0.765,0.761,2.685,0.76,0.0,4.358,0.896,0.0,9.154,0.113,3.445,0.005,0.004,0.01,0.001,602.349,109.849
India,1934,IND,348232496.0,395071586304.0,0.39,0.001,39.611,4.144,11.683,527.094,6.716,1.291,1.514,1.334,0.114,0.1,38.411,0.11,2.187,1189.363,13248.939,1087.774,0.0,14752.688,99.402,0.0,0.0,0.332,1.76,487.483,1.4,284.089,0.816,48.081,0.138,0.81,0.002,1.368,1.083,5.861,1.334,0.831,0.769,2.744,0.771,0.0,4.434,0.854,0.0,9.133,0.126,3.47,0.005,0.004,0.01,0.001,612.867,115.596
India,1935,IND,353128154.0,390890389504.0,0.454,0.001,41.393,1.782,4.499,531.308,4.214,0.799,1.505,1.359,0.117,0.106,40.082,0.114,2.641,1230.756,13780.246,1127.857,0.0,15242.603,100.259,0.0,0.0,0.336,1.758,489.915,1.387,288.116,0.816,48.187,0.136,0.857,0.002,1.416,1.079,5.841,1.337,0.894,0.776,2.801,0.783,0.0,4.51,0.813,0.0,9.312,0.124,3.497,0.005,0.004,0.011,0.001,620.801,118.553
India,1936,IND,358092638.0,406292692992.0,0.499,0.001,40.684,-0.709,-1.712,534.351,3.043,0.573,1.492,1.315,0.114,0.1,39.376,0.11,3.14,1271.441,14314.598,1167.232,0.0,15736.269,101.069,0.0,0.0,0.331,1.754,493.667,1.379,293.405,0.819,48.296,0.135,0.81,0.002,1.288,0.967,5.62,1.198,0.94,0.781,2.855,0.792,0.0,4.584,0.772,0.0,9.313,0.107,3.522,0.005,0.004,0.011,0.001,628.107,118.569
India,1937,IND,363126915.0,399830188032.0,0.581,0.002,45.067,4.383,10.773,542.041,7.69,1.439,1.493,1.356,0.124,0.113,43.599,0.12,3.721,1316.508,14856.639,1210.832,0.0,16233.242,101.956,0.0,0.0,0.343,1.765,496.973,1.369,299.688,0.825,48.41,0.133,0.887,0.002,1.425,1.002,5.495,1.258,0.993,0.787,2.906,0.803,0.0,4.656,0.732,0.0,9.258,0.105,3.549,0.005,0.004,0.011,0.001,640.828,124.628
India,1938,IND,368231967.0,400546496512.0,0.0,0.0,50.38,5.312,11.788,549.488,7.447,1.374,1.492,1.372,0.137,0.126,49.357,0.134,3.721,1366.888,15406.126,1260.189,0.0,16732.35,102.978,0.0,0.0,0.358,1.78,499.108,1.355,306.307,0.832,48.529,0.132,1.022,0.003,0.0,1.191,5.696,1.528,0.9,0.797,2.957,0.818,0.0,4.726,0.698,0.0,9.212,0.124,3.58,0.006,0.004,0.011,0.002,655.5,131.908
India,1939,IND,371781679.0,409623592960.0,0.0,0.0,49.312,-1.067,-2.119,552.836,3.348,0.609,1.487,1.35,0.133,0.12,48.36,0.13,3.721,1416.2,15958.962,1308.548,0.0,17235.873,103.931,0.0,0.0,0.354,1.783,503.524,1.354,311.676,0.838,48.653,0.131,0.953,0.003,0.0,1.103,5.626,1.408,0.829,0.805,3.007,0.831,0.0,4.796,0.666,0.0,9.399,0.111,3.61,0.006,0.005,0.012,0.002,662.789,131.513
India,1940,IND,373766276.0,422772408320.0,0.0,0.0,52.31,2.997,6.078,558.962,6.126,1.108,1.495,1.322,0.14,0.124,51.177,0.137,3.721,1468.51,16517.924,1359.726,0.0,17742.527,105.063,0.0,0.0,0.364,1.802,506.652,1.356,317.831,0.85,48.784,0.131,1.132,0.003,0.0,1.071,5.404,1.348,0.774,0.812,3.052,0.843,0.0,4.863,0.636,0.0,9.282,0.126,3.641,0.006,0.005,0.012,0.002,673.419,135.921
India,1941,IND,374175756.0,431261712384.0,1.084,0.003,53.581,1.272,2.431,562.961,4.0,0.716,1.505,1.305,0.143,0.124,51.31,0.137,4.805,1522.091,17080.885,1411.036,0.0,18251.906,106.25,0.0,0.0,0.369,1.817,509.38,1.361,322.511,0.862,49.059,0.131,1.187,0.003,2.504,1.072,5.243,1.32,0.917,0.819,3.095,0.855,0.0,4.925,0.61,0.0,8.877,0.13,3.668,0.006,0.005,0.013,0.002,679.798,138.057
India,1942,IND,372999886.0,428796608512.0,1.133,0.003,53.53,-0.052,-0.096,566.102,3.14,0.558,1.518,1.32,0.144,0.125,51.254,0.137,5.938,1575.62,17646.986,1462.289,0.0,18764.479,107.393,0.0,0.0,0.372,1.847,512.572,1.374,327.185,0.877,49.58,0.133,1.143,0.003,2.952,1.074,5.265,1.311,1.056,0.826,3.137,0.865,0.0,4.986,0.587,0.0,8.885,0.132,3.696,0.006,0.005,0.013,0.002,688.791,138.874
India,1943,IND,370228201.0,446201692160.0,1.095,0.003,46.644,-6.885,-12.862,561.703,-4.399,-0.777,1.517,1.259,0.126,0.105,44.428,0.12,7.033,1622.265,18208.689,1506.717,0.0,19279.539,108.514,0.0,0.0,0.355,1.86,515.059,1.391,330.6,0.893,50.292,0.136,1.121,0.003,3.15,0.919,5.203,1.131,1.178,0.828,3.175,0.871,0.0,5.046,0.565,0.0,9.003,0.121,3.723,0.006,0.005,0.013,0.002,688.749,131.599
India,1944,IND,367477113.0,441698385920.0,1.058,0.003,47.696,1.052,2.254,567.89,6.186,1.101,1.545,1.286,0.13,0.108,45.499,0.124,8.091,1669.961,18776.58,1552.216,0.0,19799.732,109.654,0.0,0.0,0.364,1.904,520.194,1.416,335.561,0.913,51.141,0.139,1.14,0.003,4.667,0.924,5.229,1.176,1.306,0.831,3.214,0.878,0.0,5.106,0.541,0.0,9.129,0.107,3.75,0.007,0.005,0.014,0.002,699.839,133.8
India,1945,IND,364746467.0,434203197440.0,1.11,0.003,52.874,5.178,10.856,571.866,3.976,0.7,1.568,1.317,0.145,0.122,50.793,0.139,9.201,1722.835,19348.445,1603.009,0.0,20318.725,110.625,0.0,0.0,0.386,1.954,518.992,1.423,341.088,0.935,52.074,0.143,0.971,0.003,4.83,1.233,5.729,1.693,1.432,0.839,3.256,0.891,0.0,5.164,0.519,0.0,9.117,0.093,3.783,0.007,0.005,0.014,0.002,712.66,140.677
India,1946,IND,362036112.0,411463188480.0,1.005,0.003,52.225,-0.649,-1.228,573.029,1.164,0.203,1.583,1.393,0.144,0.127,50.322,0.139,10.206,1775.06,19921.475,1653.331,0.0,20839.525,111.523,0.0,0.0,0.388,1.986,520.804,1.439,345.56,0.954,53.036,0.146,0.898,0.002,2.769,1.133,5.587,1.555,1.503,0.845,3.295,0.903,0.0,5.221,0.497,0.0,9.222,0.081,3.813,0.007,0.006,0.014,0.002,718.907,140.649
India,1947,IND,359345897.0,340810006528.0,0.75,0.002,53.18,0.955,1.829,576.211,3.182,0.555,1.604,1.691,0.148,0.156,51.668,0.144,10.957,1828.24,20497.686,1704.999,0.0,21362.559,112.285,0.0,0.0,0.38,2.008,523.031,1.456,344.482,0.959,53.973,0.15,0.762,0.002,1.739,1.03,5.335,1.426,1.517,0.85,3.331,0.913,0.0,5.278,0.474,0.0,9.28,0.061,3.837,0.007,0.006,0.015,0.002,721.668,136.643
India,1948,IND,356675672.0,344050008064.0,0.806,0.002,53.204,0.024,0.045,576.146,-0.065,-0.011,1.615,1.675,0.149,0.155,51.628,0.145,11.763,1881.444,21073.832,1756.627,0.0,21885.502,113.054,0.0,0.0,0.385,2.044,522.942,1.466,349.125,0.979,54.831,0.154,0.769,0.002,1.562,0.977,5.239,1.38,1.52,0.853,3.365,0.922,0.0,5.334,0.451,0.0,9.422,0.056,3.859,0.007,0.006,0.015,0.002,729.003,137.385
India,1949,IND,355893489.0,353225015296.0,1.088,0.003,56.188,2.984,5.608,578.61,2.464,0.428,1.626,1.638,0.158,0.159,54.323,0.153,12.851,1937.632,21652.443,1810.95,0.0,22407.924,113.831,0.0,0.0,0.398,2.081,522.423,1.468,354.397,0.996,55.557,0.156,0.777,0.002,1.869,1.08,5.418,1.531,1.545,0.858,3.399,0.934,0.0,5.389,0.432,0.0,9.54,0.06,3.884,0.008,0.006,0.015,0.002,740.474,141.669
India,1950,IND,346278817.0,354332999680.0,1.354,0.004,61.103,4.915,8.747,716.767,138.156,23.877,2.07,2.023,0.176,0.172,52.56,0.152,14.205,1998.734,22369.211,1863.51,,23063.586,121.02,,,0.425,2.315,655.664,1.893,359.069,1.037,56.096,0.162,7.189,0.021,2.024,1.03,5.905,1.354,1.581,0.863,3.446,0.942,,5.465,0.434,,10.563,0.464,3.907,0.008,0.006,0.016,0.002,801.464,147.227
India,1951,IND,353870058.0,362445012992.0,1.658,0.005,64.022,2.92,4.778,759.044,42.277,5.898,2.145,2.094,0.181,0.177,54.512,0.154,15.863,2062.757,23128.252,1918.022,,23758.607,128.872,,,0.429,2.346,695.021,1.964,366.824,1.037,56.552,0.16,7.852,0.022,2.188,1.003,5.865,1.334,1.628,0.866,3.493,0.95,,5.544,0.435,,10.595,0.457,3.929,0.008,0.006,0.016,0.002,830.314,151.679
India,1952,IND,361874904.0,373116010496.0,1.834,0.005,67.426,3.404,5.317,788.201,29.157,3.841,2.178,2.112,0.186,0.181,58.03,0.16,17.697,2130.183,23916.453,1976.052,,24479.383,136.434,,,0.434,2.361,720.775,1.992,375.293,1.037,57.058,0.158,7.562,0.021,2.271,1.043,6.089,1.439,1.677,0.871,3.543,0.959,,5.627,0.434,,11.126,0.416,3.951,0.008,0.007,0.017,0.002,854.398,157.009
India,1953,IND,370104571.0,396813008896.0,1.958,0.005,68.705,1.279,1.896,805.679,17.478,2.218,2.177,2.03,0.186,0.173,59.067,0.16,19.655,2198.887,24722.133,2035.119,,25216.357,144.114,,,0.432,2.358,736.975,1.991,383.666,1.037,57.604,0.156,7.68,0.021,2.187,1.033,6.085,1.454,1.717,0.875,3.592,0.969,,5.71,0.432,,11.185,0.397,3.974,0.009,0.007,0.017,0.002,872.664,159.817
India,1954,IND,378687141.0,413406003200.0,2.281,0.006,72.414,3.709,5.398,826.103,20.423,2.535,2.181,1.998,0.191,0.175,60.592,0.16,21.935,2271.301,25548.236,2095.711,,25970.047,153.655,,,0.436,2.367,753.689,1.99,392.565,1.037,58.182,0.154,9.541,0.025,2.348,1.067,5.999,1.494,1.766,0.88,3.639,0.979,,5.789,0.434,,10.797,0.465,3.997,0.009,0.007,0.018,0.002,896.221,165.293
India,1955,IND,387700891.0,423653998592.0,2.326,0.006,78.788,6.374,8.802,839.262,13.159,1.593,2.165,1.981,0.203,0.186,63.711,0.164,24.261,2350.089,26387.496,2159.422,,26730.521,166.405,,,0.448,2.37,760.474,1.961,402.174,1.037,58.779,0.152,12.751,0.033,2.165,1.058,5.761,1.452,1.798,0.885,3.682,0.988,,5.866,0.441,,10.676,0.555,4.016,0.009,0.007,0.018,0.002,918.97,173.864
India,1956,IND,396988906.0,447916998656.0,2.554,0.006,81.656,2.869,3.641,851.622,12.361,1.473,2.145,1.901,0.206,0.182,65.157,0.164,26.815,2431.745,27239.121,2224.579,,27500.486,180.351,,,0.45,2.361,769.966,1.94,411.747,1.037,59.387,0.15,13.945,0.035,2.193,1.03,5.623,1.414,1.829,0.89,3.722,0.997,,5.94,0.448,,10.665,0.558,4.034,0.009,0.007,0.019,0.002,937.438,178.607
India,1957,IND,406253895.0,443355987968.0,2.903,0.007,91.635,9.979,12.221,867.809,16.187,1.901,2.136,1.957,0.226,0.207,72.838,0.179,29.719,2523.38,28106.93,2297.417,,28276.66,196.245,,,0.472,2.366,776.174,1.911,422.889,1.041,59.996,0.148,15.894,0.039,2.371,1.119,5.595,1.552,1.871,0.896,3.761,1.009,,6.013,0.458,,10.598,0.609,4.052,0.01,0.008,0.019,0.002,961.343,191.734
India,1958,IND,415777437.0,476938010624.0,3.154,0.008,95.816,4.18,4.562,882.14,14.331,1.651,2.122,1.85,0.23,0.201,75.819,0.182,32.873,2619.196,28989.068,2373.236,,29062.986,213.088,,,0.477,2.356,786.325,1.891,433.489,1.043,60.595,0.146,16.843,0.041,2.432,1.138,5.652,1.592,1.913,0.903,3.8,1.021,,6.087,0.468,,10.934,0.62,4.069,0.01,0.008,0.02,0.002,979.663,198.206
India,1959,IND,425780669.0,486917996544.0,3.537,0.008,101.447,5.631,5.877,892.365,10.224,1.159,2.096,1.833,0.238,0.208,79.523,0.187,36.41,2720.644,29881.434,2452.759,,29853.902,231.474,,,0.484,2.35,790.917,1.858,444.564,1.044,61.174,0.144,18.387,0.043,2.435,1.146,5.376,1.605,1.954,0.91,3.834,1.033,,6.153,0.478,,10.214,0.635,4.082,0.01,0.008,0.02,0.002,1000.724,206.265
India,1960,IND,435990344.0,520800010240.0,4.002,0.009,111.325,9.878,9.737,590.671,-301.694,-33.808,1.355,1.134,0.255,0.214,87.878,0.202,40.412,2831.969,30472.104,2540.637,,30333.248,250.919,,,0.503,2.075,479.346,1.099,456.893,1.048,61.725,0.142,19.445,0.045,2.543,1.186,3.67,1.704,2.0,0.919,3.83,1.047,,6.166,0.487,,7.148,0.623,4.088,0.011,0.008,0.021,0.002,904.515,219.462
India,1961,IND,446564730.0,536351997952.0,4.205,0.009,120.404,9.079,8.156,796.432,205.761,34.835,1.783,1.485,0.27,0.224,94.885,0.212,44.617,2952.373,31268.537,2635.522,0.004,31009.275,272.23,0.004,0.0,0.519,2.234,676.028,1.514,461.617,1.034,65.634,0.147,21.31,0.048,2.562,1.279,4.905,1.919,2.042,0.929,3.852,1.064,0.0,6.218,0.496,0.0,9.912,0.644,4.101,0.011,0.008,0.021,0.002,997.55,231.835
India,1962,IND,457283092.0,548431986688.0,4.381,0.01,132.582,12.177,10.114,531.393,-265.039,-33.278,1.162,0.969,0.29,0.242,103.26,0.226,48.998,3084.954,31799.93,2738.783,0.015,31408.088,297.115,0.011,0.0,0.542,1.97,398.811,0.872,465.114,1.017,66.067,0.144,24.885,0.054,2.484,1.36,3.305,2.096,2.075,0.942,3.841,1.085,0.0,6.219,0.508,0.001,6.3,0.699,4.104,0.011,0.009,0.022,0.002,900.85,247.785
India,1963,IND,468138576.0,576287997952.0,4.771,0.01,142.444,9.863,7.439,499.39,-32.003,-6.023,1.067,0.867,0.304,0.247,110.42,0.236,53.769,3227.399,32299.318,2849.203,0.026,31765.033,324.221,0.011,0.0,0.558,1.904,356.946,0.762,467.752,0.999,66.652,0.142,27.106,0.058,2.565,1.387,3.04,2.162,2.111,0.956,3.826,1.106,0.0,6.214,0.521,0.001,5.793,0.712,4.104,0.012,0.009,0.022,0.002,891.464,261.187
India,1964,IND,479229599.0,620466012160.0,4.944,0.01,139.488,-2.956,-2.075,490.407,-8.983,-1.799,1.023,0.79,0.291,0.225,105.924,0.221,58.713,3366.887,32789.727,2955.127,0.048,32115.951,352.343,0.022,0.0,0.542,1.856,350.919,0.732,472.497,0.986,68.446,0.143,28.122,0.059,2.398,1.289,2.94,2.032,2.132,0.966,3.808,1.124,0.0,6.211,0.531,0.002,5.99,0.685,4.1,0.012,0.009,0.023,0.002,889.61,259.534
India,1965,IND,490140141.0,596064993280.0,5.398,0.011,153.702,14.214,10.19,477.362,-13.045,-2.66,0.974,0.801,0.314,0.258,116.456,0.238,64.111,3520.589,33267.09,3071.583,0.33,32439.611,383.158,0.282,0.001,0.568,1.817,323.66,0.66,473.628,0.966,68.281,0.139,30.815,0.063,2.494,1.359,2.819,2.202,2.159,0.979,3.789,1.146,0.002,6.206,0.541,0.023,5.754,0.699,4.092,0.012,0.009,0.023,0.002,890.637,278.181
India,1966,IND,500740250.0,601424986112.0,5.57,0.011,159.373,5.671,3.69,564.305,86.943,18.213,1.127,0.938,0.318,0.265,116.984,0.234,69.681,3679.962,33831.395,3188.567,0.641,32844.543,418.834,0.311,0.001,0.572,1.885,404.931,0.809,481.585,0.962,71.059,0.142,35.676,0.071,2.39,1.343,3.303,2.187,2.176,0.99,3.78,1.166,0.004,6.221,0.555,0.023,7.753,0.75,4.087,0.013,0.009,0.024,0.002,944.037,286.519
India,1967,IND,511606375.0,650715987968.0,5.821,0.011,159.556,0.182,0.114,574.201,9.896,1.754,1.122,0.882,0.312,0.245,119.096,0.233,75.502,3839.518,34405.594,3307.663,1.129,33259.188,451.532,0.487,0.001,0.565,1.867,414.645,0.81,486.468,0.951,73.784,0.144,32.698,0.064,2.426,1.304,3.255,2.264,2.193,1.0,3.77,1.187,0.006,6.236,0.56,0.034,7.677,0.644,4.083,0.013,0.009,0.025,0.002,954.923,289.186
India,1968,IND,522716894.0,668219998208.0,5.872,0.011,174.069,14.514,9.096,437.064,-137.137,-23.883,0.836,0.654,0.333,0.26,123.826,0.237,81.374,4013.587,34842.656,3431.489,1.88,33522.184,493.781,0.751,0.001,0.589,1.758,262.995,0.503,494.518,0.946,76.257,0.146,42.25,0.081,2.3,1.349,2.396,2.328,2.201,1.012,3.743,1.208,0.009,6.223,0.573,0.048,4.932,0.764,4.074,0.013,0.01,0.025,0.002,918.913,307.747
India,1969,IND,533880544.0,712563032064.0,6.438,0.012,177.413,3.344,1.921,486.064,49.0,11.211,0.91,0.682,0.332,0.249,123.368,0.231,87.812,4191.001,35328.723,3554.856,2.876,33830.836,539.132,0.997,0.002,0.588,1.767,308.65,0.578,500.735,0.938,78.16,0.146,45.35,0.085,2.379,1.289,2.48,2.236,2.213,1.021,3.717,1.228,0.013,6.213,0.585,0.058,5.289,0.758,4.062,0.014,0.01,0.026,0.002,943.192,313.669
India,1970,IND,545864268.0,748744015872.0,6.495,0.012,181.723,4.309,2.429,376.376,-109.687,-22.566,0.69,0.503,0.333,0.243,123.551,0.226,94.307,4372.723,35705.098,3678.407,3.8,34025.488,588.464,0.923,0.002,0.593,1.66,194.654,0.357,506.325,0.928,79.372,0.145,49.332,0.09,2.253,1.22,1.828,2.168,2.215,1.028,3.677,1.246,0.016,6.184,0.595,0.052,3.419,0.725,4.043,0.014,0.01,0.026,0.002,906.323,323.925
India,1971,IND,558096383.0,755656032256.0,7.052,0.013,191.964,10.241,5.636,426.867,50.49,13.415,0.765,0.565,0.344,0.254,126.966,0.227,101.359,4564.687,36131.969,3805.374,4.884,34260.391,643.906,1.085,0.002,0.601,1.694,234.903,0.421,511.511,0.917,81.59,0.146,55.443,0.099,2.327,1.238,2.07,2.228,2.223,1.035,3.643,1.264,0.019,6.17,0.607,0.056,4.59,0.77,4.029,0.014,0.01,0.027,0.002,945.288,335.644
India,1972,IND,570482142.0,753543020544.0,7.363,0.013,203.036,11.072,5.768,588.23,161.363,37.802,1.031,0.781,0.356,0.269,134.377,0.236,108.722,4767.723,36720.195,3939.751,6.09,34645.586,702.784,1.205,0.002,0.616,1.794,385.194,0.675,515.107,0.903,83.538,0.146,58.878,0.103,2.291,1.251,2.721,2.361,2.227,1.043,3.624,1.285,0.022,6.179,0.617,0.059,7.146,0.758,4.015,0.015,0.01,0.027,0.002,1023.197,351.597
India,1973,IND,583465595.0,788800012288.0,6.921,0.012,209.095,6.059,2.984,548.901,-39.329,-6.686,0.941,0.696,0.358,0.265,137.809,0.236,115.643,4976.818,37269.094,4077.56,7.258,34985.391,764.534,1.169,0.002,0.619,1.745,339.806,0.582,521.571,0.894,85.554,0.147,61.749,0.106,2.034,1.224,2.458,2.351,2.215,1.049,3.599,1.305,0.024,6.182,0.626,0.053,6.48,0.751,3.998,0.015,0.01,0.028,0.002,1018.056,360.94
India,1974,IND,597041392.0,796992012288.0,6.501,0.011,215.853,6.758,3.232,519.284,-29.617,-5.396,0.87,0.652,0.362,0.271,145.639,0.244,122.144,5192.671,37788.383,4223.199,8.618,35288.82,825.162,1.359,0.002,0.624,1.706,303.431,0.508,528.277,0.885,85.374,0.143,60.628,0.102,1.908,1.269,2.344,2.485,2.196,1.057,3.572,1.326,0.027,6.179,0.634,0.06,5.905,0.748,3.982,0.015,0.011,0.028,0.003,1018.495,372.824
India,1975,IND,611309532.0,868009967616.0,7.288,0.012,234.209,18.356,8.504,472.986,-46.298,-8.916,0.774,0.545,0.383,0.27,161.338,0.264,129.432,5426.88,38261.367,4384.537,10.351,35527.598,887.0,1.733,0.003,0.651,1.685,238.777,0.391,540.605,0.884,93.671,0.153,61.838,0.101,2.143,1.373,2.139,2.673,2.193,1.068,3.543,1.351,0.03,6.166,0.642,0.077,4.72,0.769,3.969,0.016,0.011,0.029,0.003,1029.856,397.963
India,1976,IND,625861887.0,878540029952.0,8.279,0.013,244.749,10.54,4.5,431.926,-41.061,-8.681,0.69,0.492,0.391,0.279,168.92,0.27,137.711,5671.63,38693.293,4553.457,12.645,35714.777,950.439,2.294,0.004,0.658,1.631,187.176,0.299,544.304,0.87,93.078,0.149,63.438,0.101,2.324,1.361,1.872,2.698,2.2,1.078,3.508,1.377,0.034,6.145,0.648,0.096,3.682,0.743,3.952,0.016,0.011,0.029,0.003,1020.939,411.806
India,1977,IND,640801105.0,947196002304.0,8.322,0.013,258.962,14.212,5.807,657.236,225.31,52.164,1.026,0.694,0.404,0.273,177.51,0.277,146.034,5930.591,39350.531,4730.966,15.125,36113.047,1018.996,2.481,0.004,0.669,1.768,398.274,0.622,554.551,0.865,97.351,0.152,68.557,0.107,2.232,1.4,2.737,2.768,2.202,1.089,3.492,1.403,0.038,6.155,0.655,0.102,7.223,0.776,3.94,0.016,0.011,0.03,0.003,1132.755,428.43
India,1978,IND,655728226.0,997920014336.0,8.421,0.013,263.15,4.188,1.617,523.845,-133.391,-20.296,0.799,0.525,0.401,0.264,174.689,0.266,154.455,6193.741,39874.375,4905.655,17.866,36373.746,1094.313,2.741,0.004,0.663,1.667,260.696,0.398,561.921,0.857,101.816,0.155,75.317,0.115,2.116,1.38,2.14,2.678,2.197,1.098,3.463,1.428,0.043,6.143,0.664,0.107,4.816,0.823,3.924,0.017,0.011,0.031,0.003,1092.956,435.058
India,1979,IND,671155745.0,947528007680.0,7.752,0.012,276.285,13.135,4.992,454.847,-68.998,-13.171,0.678,0.48,0.412,0.292,180.622,0.269,162.207,6470.026,40329.219,5086.278,20.896,36552.305,1176.976,3.03,0.005,0.673,1.615,178.562,0.266,567.756,0.846,103.763,0.155,82.664,0.123,1.919,1.409,1.872,2.645,2.182,1.109,3.43,1.451,0.047,6.124,0.676,0.113,3.81,0.891,3.907,0.017,0.012,0.031,0.003,1084.081,451.505
India,1980,IND,687354031.0,1015104995328.0,7.545,0.011,291.711,15.426,5.584,484.421,29.574,6.502,0.705,0.477,0.424,0.287,197.337,0.287,169.751,6761.737,40813.641,5283.614,23.384,36745.02,1260.153,2.488,0.004,0.686,1.626,192.71,0.28,579.794,0.844,105.924,0.154,83.176,0.121,1.857,1.497,1.981,2.815,2.165,1.121,3.401,1.478,0.049,6.106,0.689,0.09,3.879,0.929,3.894,0.017,0.012,0.032,0.003,1117.711,471.372
India,1981,IND,703696255.0,1077444018176.0,8.888,0.013,314.966,23.255,7.972,540.795,56.373,11.637,0.769,0.502,0.448,0.292,210.305,0.299,178.639,7076.703,41354.438,5493.92,26.267,36970.844,1349.866,2.884,0.004,0.717,1.667,225.828,0.321,594.941,0.845,111.295,0.158,89.713,0.127,2.188,1.656,2.267,3.009,2.166,1.138,3.378,1.507,0.052,6.094,0.705,0.103,4.676,1.05,3.889,0.018,0.012,0.032,0.003,1173.045,504.515
India,1982,IND,720313474.0,1111560028160.0,9.676,0.013,325.38,10.414,3.306,475.277,-65.517,-12.115,0.66,0.428,0.452,0.293,213.123,0.296,188.315,7402.083,41829.715,5707.042,30.627,37120.742,1444.272,4.36,0.006,0.722,1.613,149.897,0.208,600.34,0.833,112.193,0.156,94.407,0.131,2.393,1.724,2.03,2.997,2.177,1.155,3.353,1.536,0.058,6.074,0.723,0.16,3.299,1.132,3.885,0.018,0.012,0.033,0.003,1161.754,519.948
India,1983,IND,737372685.0,1202349015040.0,10.951,0.015,352.199,26.819,8.242,676.772,201.495,42.395,0.918,0.563,0.478,0.293,232.519,0.315,199.266,7754.282,42506.484,5939.562,35.871,37445.316,1543.442,5.243,0.007,0.752,1.746,324.573,0.44,621.176,0.842,119.543,0.162,99.17,0.134,2.649,1.854,2.846,3.186,2.199,1.175,3.344,1.568,0.064,6.079,0.742,0.19,6.783,1.201,3.891,0.018,0.012,0.034,0.003,1287.434,554.381
India,1984,IND,754875451.0,1248909983744.0,12.593,0.017,361.559,9.361,2.658,556.336,-120.436,-17.796,0.737,0.445,0.479,0.29,231.493,0.307,211.858,8115.841,43062.82,6171.054,42.041,37640.094,1649.547,6.17,0.008,0.755,1.668,194.776,0.258,631.925,0.837,125.122,0.166,106.105,0.141,2.99,1.84,2.2,3.026,2.234,1.194,3.321,1.597,0.072,6.055,0.762,0.205,3.454,1.275,3.894,0.019,0.013,0.034,0.003,1259.212,570.099
India,1985,IND,772647801.0,1298600034304.0,14.39,0.019,397.592,36.033,9.966,558.767,2.431,0.437,0.723,0.43,0.515,0.306,253.289,0.328,226.248,8513.434,43621.59,6424.343,49.24,37801.266,1766.307,7.2,0.009,0.791,1.672,161.175,0.209,640.488,0.829,127.759,0.165,116.76,0.151,3.38,1.957,2.182,3.088,2.283,1.217,3.299,1.628,0.08,6.03,0.786,0.231,3.046,1.403,3.898,0.019,0.013,0.035,0.003,1292.169,611.003
India,1986,IND,790689978.0,1353105014784.0,16.006,0.02,426.309,28.717,7.223,627.171,68.404,12.242,0.793,0.464,0.539,0.315,273.171,0.345,242.254,8939.743,44248.762,6697.515,59.551,38002.129,1888.164,10.31,0.013,0.83,1.722,200.861,0.254,661.193,0.836,134.22,0.17,121.857,0.154,3.618,2.068,2.399,3.283,2.34,1.241,3.282,1.662,0.092,6.009,0.809,0.338,3.634,1.421,3.908,0.019,0.013,0.036,0.003,1361.594,656.07
India,1987,IND,808931261.0,1412883939328.0,16.412,0.02,455.343,29.034,6.81,587.029,-40.142,-6.4,0.726,0.415,0.563,0.322,291.856,0.361,258.665,9395.086,44835.785,6989.37,72.327,38133.812,2015.835,12.776,0.016,0.861,1.68,131.686,0.163,666.872,0.824,130.509,0.161,127.671,0.158,3.575,2.143,2.208,3.394,2.392,1.267,3.261,1.698,0.106,5.979,0.833,0.386,2.466,1.477,3.917,0.02,0.013,0.036,0.003,1359.244,696.862
India,1988,IND,827342997.0,1560089985024.0,18.229,0.022,491.692,36.349,7.983,716.182,129.153,22.001,0.866,0.459,0.594,0.315,317.172,0.383,276.894,9886.778,45551.973,7306.542,87.533,38358.309,2149.45,15.206,0.018,0.905,1.775,224.49,0.271,694.418,0.839,141.584,0.171,133.615,0.161,3.775,2.226,2.628,3.566,2.451,1.294,3.249,1.737,0.122,5.966,0.856,0.439,4.341,1.491,3.932,0.02,0.014,0.037,0.003,1468.34,748.924
India,1989,IND,846039530.0,1663727960064.0,20.791,0.025,540.651,48.959,9.957,708.839,-7.343,-1.025,0.838,0.426,0.639,0.325,339.625,0.401,297.685,10427.429,46260.809,7646.167,106.051,38526.492,2300.164,18.518,0.022,0.958,1.79,168.188,0.199,711.207,0.841,144.313,0.171,150.714,0.178,4.215,2.415,2.593,3.819,2.525,1.326,3.236,1.781,0.141,5.946,0.884,0.509,3.395,1.653,3.95,0.021,0.014,0.038,0.003,1514.055,810.742
India,1990,IND,864972219.0,1750992945152.0,22.348,0.026,577.996,37.345,6.907,751.03,42.19,5.952,0.868,0.429,0.668,0.33,366.514,0.424,320.033,11005.426,47011.84,8012.681,127.148,38699.527,2458.331,21.097,0.024,0.942,1.767,173.034,0.2,682.595,0.789,147.338,0.17,158.167,0.183,4.52,2.543,2.711,4.212,2.606,1.361,3.226,1.829,0.161,5.928,0.913,0.554,3.477,1.711,3.963,0.021,0.014,0.039,0.003,1528.087,814.812
India,1991,IND,883927607.0,1768493547520.0,24.503,0.028,615.365,37.369,6.465,751.029,-0.0,-0.0,0.85,0.425,0.696,0.348,393.043,0.445,344.536,11620.79,47762.871,8405.724,150.711,38835.191,2624.753,23.563,0.027,0.972,1.777,135.665,0.153,692.462,0.783,151.958,0.172,166.423,0.188,4.821,2.654,2.667,4.562,2.694,1.397,3.216,1.882,0.182,5.904,0.941,0.609,2.73,1.715,3.977,0.022,0.015,0.04,0.003,1570.433,859.284
India,1992,IND,902957072.0,1851711422464.0,25.156,0.028,655.447,40.082,6.514,824.228,73.199,9.746,0.913,0.445,0.726,0.354,411.414,0.456,369.693,12276.237,48587.098,8817.138,177.967,39003.973,2812.808,27.256,0.03,1.001,1.813,168.781,0.187,699.35,0.775,156.332,0.173,188.055,0.208,4.752,2.909,2.966,4.892,2.775,1.436,3.211,1.937,0.205,5.882,0.976,0.695,3.21,2.042,3.996,0.022,0.015,0.041,0.004,1636.726,904.227
India,1993,IND,922118380.0,1944353767424.0,26.602,0.029,677.299,21.852,3.334,809.758,-14.471,-1.756,0.878,0.416,0.735,0.348,433.121,0.47,396.295,12953.536,49396.855,9250.259,204.964,39136.434,2999.687,26.996,0.029,1.002,1.787,132.458,0.144,700.166,0.759,160.094,0.174,186.879,0.203,4.817,2.976,2.92,5.089,2.857,1.476,3.206,1.995,0.225,5.858,1.008,0.671,2.663,2.027,4.015,0.023,0.015,0.041,0.004,1648.045,923.905
India,1994,IND,941163775.0,2055026769920.0,28.54,0.03,714.064,36.764,5.428,832.008,22.25,2.748,0.884,0.405,0.759,0.347,455.72,0.484,424.835,13667.601,50228.863,9705.979,233.961,39254.375,3198.642,28.997,0.031,1.027,1.791,117.944,0.125,707.689,0.752,165.886,0.176,198.955,0.211,4.842,3.106,2.881,5.324,2.938,1.518,3.2,2.055,0.246,5.824,1.043,0.714,2.003,2.151,4.032,0.023,0.016,0.042,0.004,1685.871,966.196
India,1995,IND,960301048.0,2189535739904.0,31.104,0.032,760.462,46.398,6.498,846.72,14.713,1.768,0.882,0.387,0.792,0.347,471.723,0.491,455.939,14428.062,51075.582,10177.702,273.011,39340.633,3414.923,39.051,0.041,1.065,1.796,86.259,0.09,718.587,0.748,169.379,0.176,216.281,0.225,4.989,3.232,2.923,5.358,3.022,1.562,3.195,2.116,0.275,5.791,1.08,0.926,1.588,2.316,4.05,0.023,0.016,0.043,0.004,1725.007,1022.633
India,1996,IND,979678464.0,2345228828672.0,34.079,0.035,823.621,63.159,8.305,986.75,140.03,16.538,1.007,0.421,0.841,0.351,504.498,0.515,490.018,15251.683,52062.332,10682.2,312.758,39503.762,3658.083,39.747,0.041,1.114,1.858,163.13,0.167,727.114,0.742,174.295,0.178,243.16,0.248,5.355,3.395,3.26,5.59,3.117,1.609,3.196,2.18,0.302,5.764,1.123,0.902,2.713,2.528,4.069,0.024,0.016,0.044,0.004,1820.73,1091.757
India,1997,IND,999133765.0,2426804895744.0,37.418,0.037,858.011,34.391,4.176,960.65,-26.101,-2.645,0.961,0.396,0.859,0.354,527.722,0.528,527.436,16109.694,53022.98,11209.922,358.782,39606.402,3902.286,46.024,0.046,1.137,1.849,102.638,0.103,737.115,0.738,178.869,0.179,244.202,0.244,5.649,3.516,3.02,5.878,3.219,1.656,3.193,2.246,0.332,5.717,1.163,1.041,1.386,2.501,4.087,0.024,0.017,0.045,0.004,1847.006,1135.653
India,1998,IND,1018665073.0,2567853047808.0,39.026,0.038,875.772,17.761,2.07,971.869,11.219,1.168,0.954,0.378,0.86,0.341,524.125,0.515,566.463,16985.465,53994.852,11734.048,406.377,39702.5,4165.178,47.595,0.047,1.134,1.837,96.096,0.094,742.405,0.729,182.526,0.179,262.892,0.258,5.912,3.603,3.192,6.0,3.324,1.704,3.193,2.311,0.361,5.68,1.206,1.065,1.564,2.66,4.108,0.025,0.017,0.046,0.004,1871.34,1155.027
India,1999,IND,1038225821.0,2710352953344.0,44.592,0.043,960.763,84.991,9.705,1044.341,72.472,7.457,1.006,0.385,0.925,0.354,560.528,0.54,611.055,17946.229,55039.191,12294.575,458.996,39786.074,4466.153,52.619,0.051,1.2,1.888,83.578,0.081,748.887,0.721,185.849,0.179,300.976,0.29,6.438,3.866,3.384,6.325,3.445,1.756,3.196,2.38,0.392,5.644,1.256,1.141,1.392,2.97,4.132,0.025,0.018,0.047,0.004,1959.661,1246.294
India,2000,IND,1057922728.0,2804478640128.0,45.957,0.043,986.445,25.682,2.673,1178.326,133.986,12.83,1.114,0.42,0.932,0.352,572.876,0.542,657.012,18932.674,56217.52,12867.451,511.787,39977.957,4779.001,52.791,0.05,1.207,1.906,191.882,0.181,751.86,0.711,182.498,0.173,312.847,0.296,6.348,3.867,3.825,6.225,3.559,1.808,3.207,2.447,0.42,5.629,1.307,1.111,3.622,3.046,4.154,0.026,0.018,0.048,0.004,2015.877,1276.71
India,2001,IND,1077898572.0,2940745547776.0,46.74,0.043,1000.527,14.082,1.428,1142.87,-35.457,-3.009,1.06,0.389,0.928,0.34,582.081,0.54,703.752,19933.201,57360.387,13449.531,564.915,40120.301,5095.723,53.128,0.049,1.201,1.871,142.343,0.132,757.557,0.703,185.242,0.172,316.721,0.294,6.171,3.892,3.751,6.288,3.662,1.858,3.216,2.514,0.446,5.611,1.355,1.108,2.987,3.061,4.174,0.026,0.019,0.049,0.004,2017.087,1294.194
India,2002,IND,1097600381.0,3024984473600.0,49.111,0.045,1032.14,31.613,3.16,1117.956,-24.914,-2.18,1.019,0.37,0.94,0.341,598.597,0.545,752.863,20965.34,58478.344,14048.129,622.524,40206.113,5420.942,57.609,0.052,1.213,1.84,85.816,0.078,753.157,0.686,178.845,0.163,325.22,0.296,6.254,3.928,3.56,6.183,3.764,1.907,3.222,2.579,0.473,5.583,1.403,1.167,1.673,3.148,4.19,0.026,0.019,0.05,0.004,2019.948,1331.206
India,2003,IND,1116802997.0,3251114344448.0,50.88,0.046,1067.737,35.597,3.449,1175.458,57.502,5.143,1.053,0.362,0.956,0.328,625.89,0.56,803.743,22033.076,59653.801,14674.019,681.089,40313.836,5751.557,58.565,0.052,1.231,1.867,107.721,0.096,766.618,0.686,184.999,0.166,330.615,0.296,5.892,3.859,3.483,5.95,3.852,1.955,3.227,2.643,0.498,5.551,1.449,1.144,1.773,3.118,4.203,0.027,0.02,0.051,0.004,2085.137,1374.788
India,2004,IND,1135991510.0,3495022821376.0,55.545,0.049,1133.828,66.091,6.19,1204.298,28.841,2.454,1.06,0.345,0.998,0.324,669.968,0.59,859.288,23166.904,60858.098,15343.986,739.405,40384.309,6099.792,58.316,0.051,1.276,1.904,70.471,0.062,778.156,0.685,191.667,0.169,348.234,0.307,6.154,3.96,3.538,6.162,3.947,2.005,3.233,2.71,0.521,5.52,1.495,1.104,1.304,3.166,4.216,0.027,0.02,0.052,0.004,2162.884,1449.554
India,2005,IND,1154676319.0,3752627535872.0,59.687,0.052,1194.592,60.765,5.359,1238.216,33.918,2.816,1.072,0.33,1.035,0.318,721.469,0.625,918.974,24361.496,62096.312,16065.455,798.762,40427.93,6452.167,59.357,0.051,1.314,1.943,43.624,0.038,796.301,0.69,199.959,0.173,352.376,0.305,6.164,4.034,3.588,6.248,4.042,2.056,3.239,2.781,0.542,5.489,1.539,1.099,0.892,3.173,4.232,0.028,0.021,0.053,0.005,2243.356,1517.127
India,2006,IND,1172878890.0,4069856116736.0,64.905,0.055,1292.485,97.892,8.195,1330.758,92.542,7.474,1.135,0.327,1.102,0.318,773.564,0.66,983.88,25653.98,63427.07,16839.02,881.342,40466.203,6821.862,82.58,0.07,1.383,2.015,38.273,0.033,808.801,0.69,209.289,0.178,369.694,0.315,6.147,4.22,3.701,6.344,4.135,2.11,3.248,2.855,0.576,5.455,1.585,1.486,0.718,3.295,4.247,0.028,0.021,0.054,0.005,2363.338,1622.241
India,2007,IND,1190676028.0,4403214942208.0,68.333,0.057,1392.506,100.021,7.739,1484.246,153.488,11.534,1.247,0.337,1.17,0.316,842.477,0.708,1052.213,27046.488,64911.32,17681.496,969.298,40557.945,7213.759,87.956,0.074,1.455,2.113,91.74,0.077,826.853,0.694,219.158,0.184,391.897,0.329,6.026,4.416,4.108,6.59,4.221,2.168,3.263,2.934,0.611,5.434,1.634,1.527,1.997,3.483,4.268,0.028,0.022,0.055,0.005,2515.728,1732.824
India,2008,IND,1207930962.0,4649547988992.0,73.245,0.061,1489.437,96.931,6.961,1639.077,154.831,10.432,1.357,0.353,1.233,0.32,910.795,0.754,1125.458,28535.924,66550.398,18592.291,1059.575,40707.582,7626.992,90.277,0.075,1.525,2.203,149.639,0.124,842.577,0.698,223.8,0.185,413.233,0.342,6.375,4.644,4.435,6.899,4.316,2.23,3.285,3.019,0.644,5.418,1.684,1.523,3.066,3.689,4.29,0.029,0.023,0.056,0.005,2661.096,1842.31
India,2009,IND,1225524760.0,4993478819840.0,81.268,0.066,1612.216,122.779,8.243,1694.797,55.72,3.399,1.383,0.339,1.316,0.323,983.947,0.803,1206.726,30148.141,68245.195,19576.238,1172.038,40790.164,8059.651,112.463,0.092,1.617,2.258,82.581,0.067,846.518,0.691,229.679,0.187,432.66,0.353,6.875,5.111,4.603,7.543,4.427,2.3,3.308,3.113,0.688,5.391,1.738,1.944,1.566,3.949,4.315,0.029,0.024,0.058,0.005,2767.514,1981.971
India,2010,IND,1243481564.0,5361371185152.0,86.029,0.069,1677.337,65.121,4.039,1794.29,99.493,5.87,1.443,0.335,1.349,0.313,1015.983,0.817,1292.755,31825.479,70039.484,20592.223,1306.159,40907.117,8499.151,134.121,0.108,1.652,2.31,116.953,0.094,856.15,0.689,236.617,0.19,439.5,0.353,6.811,5.029,4.619,7.281,4.533,2.368,3.332,3.203,0.739,5.368,1.789,2.154,2.131,3.881,4.344,0.03,0.024,0.059,0.005,2871.956,2053.94
India,2011,IND,1261224952.0,5720693014528.0,91.314,0.072,1764.712,87.375,5.209,1862.74,68.45,3.815,1.477,0.326,1.399,0.308,1074.385,0.852,1384.069,33590.191,71902.227,21666.607,1442.419,41005.145,8959.256,136.26,0.108,1.705,2.354,98.028,0.078,867.948,0.688,244.344,0.194,460.104,0.365,6.72,5.114,4.682,7.29,4.632,2.436,3.357,3.295,0.788,5.344,1.842,2.125,1.857,4.05,4.371,0.03,0.025,0.06,0.005,2968.743,2150.748
India,2012,IND,1278674506.0,6052427857920.0,100.237,0.078,1925.7,160.987,9.123,2085.191,222.451,11.942,1.631,0.345,1.506,0.318,1206.452,0.944,1484.307,35515.891,73987.414,22873.059,1568.024,41164.637,9449.069,125.605,0.098,1.815,2.465,159.491,0.125,870.109,0.68,244.454,0.191,489.814,0.383,7.187,5.502,5.129,8.093,4.746,2.512,3.391,3.401,0.827,5.325,1.898,1.918,2.822,4.261,4.401,0.03,0.026,0.062,0.005,3151.704,2320.236
India,2013,IND,1295829506.0,6424470487040.0,107.82,0.083,1995.098,69.398,3.604,2213.367,128.176,6.147,1.708,0.345,1.54,0.311,1276.383,0.985,1592.126,37510.988,76200.781,24149.443,1678.713,41382.902,9946.01,110.689,0.085,1.822,2.421,218.269,0.168,844.152,0.651,244.683,0.189,496.94,0.383,7.412,5.652,5.476,8.508,4.864,2.589,3.428,3.513,0.856,5.318,1.952,1.68,4.266,4.292,4.427,0.031,0.027,0.063,0.005,3137.217,2361.039
India,2014,IND,1312277184.0,6875186200576.0,115.825,0.088,2148.344,153.246,7.681,2242.132,28.765,1.3,1.709,0.326,1.637,0.312,1407.057,1.072,1707.951,39659.332,78442.914,25556.498,1788.181,41476.695,10458.475,109.467,0.083,1.924,2.474,93.789,0.071,852.537,0.65,248.335,0.189,512.465,0.391,7.709,6.06,5.489,9.369,4.989,2.672,3.466,3.638,0.882,5.294,2.007,1.651,1.738,4.415,4.455,0.031,0.028,0.065,0.006,3246.826,2524.845
India,2015,IND,1328024492.0,7391521275904.0,117.508,0.088,2234.219,85.876,3.997,2367.592,125.46,5.596,1.783,0.32,1.682,0.302,1449.587,1.092,1825.459,41893.551,80810.508,27006.086,1895.051,41610.066,11014.592,106.871,0.08,1.971,2.504,133.373,0.1,860.389,0.648,251.789,0.19,556.117,0.419,8.098,6.31,5.784,9.883,5.116,2.756,3.507,3.765,0.904,5.273,2.067,1.579,2.411,4.7,4.484,0.032,0.029,0.066,0.006,3325.531,2617.422
India,2016,IND,1343944293.0,8057466126336.0,123.281,0.092,2354.658,120.439,5.391,2476.599,109.007,4.604,1.843,0.307,1.752,0.292,1499.401,1.116,1948.741,44248.211,83287.102,28505.486,2008.674,41732.004,11629.188,113.622,0.085,2.041,2.544,121.941,0.091,867.525,0.646,251.169,0.187,614.597,0.457,8.272,6.648,6.219,10.459,5.242,2.845,3.553,3.897,0.928,5.259,2.134,1.634,2.767,5.138,4.517,0.032,0.03,0.068,0.006,3419.055,2743.025
India,2017,IND,1359657392.0,8550029459456.0,121.047,0.089,2426.607,71.949,3.056,2505.169,28.57,1.154,1.842,0.293,1.785,0.284,1551.256,1.141,2069.788,46674.816,85792.273,30056.742,2127.596,41810.57,12261.747,118.922,0.087,2.075,2.564,78.562,0.058,876.481,0.645,257.0,0.189,632.558,0.465,8.019,6.742,6.229,10.689,5.351,2.933,3.598,4.029,0.951,5.241,2.201,1.668,1.857,5.206,4.549,0.032,0.031,0.069,0.006,3486.594,2821.828
India,2018,IND,1374659068.0,9173200797696.0,138.965,0.101,2593.058,166.451,6.859,2697.3,192.131,7.669,1.962,0.294,1.886,0.283,1668.318,1.214,2208.753,49267.875,88489.57,31725.061,2253.797,41914.809,12918.831,126.201,0.092,2.183,2.679,104.242,0.076,891.333,0.648,264.434,0.192,657.084,0.478,8.939,7.06,6.648,11.314,5.489,3.026,3.649,4.17,0.975,5.229,2.269,1.689,2.711,5.364,4.584,0.033,0.032,0.071,0.006,3682.077,3001.356
India,2019,IND,1389030303.0,9595463401472.0,143.664,0.103,2612.888,19.83,0.765,2665.538,-31.761,-1.178,1.919,0.278,1.881,0.272,1661.94,1.196,2352.417,51880.762,91155.109,33387.0,2382.473,41967.461,13594.984,128.676,0.093,2.174,2.658,52.65,0.038,891.979,0.642,271.832,0.196,676.154,0.487,8.851,7.042,6.519,11.31,5.62,3.116,3.697,4.305,0.998,5.211,2.337,1.686,1.39,5.448,4.618,0.033,0.033,0.073,0.006,3692.7,3020.205
India,2020,IND,1402617692.0,8945313775616.0,122.908,0.088,2421.552,-191.336,-7.323,2460.551,-204.988,-7.69,1.754,0.275,1.726,0.271,1561.799,1.113,2475.325,54302.312,93615.664,34948.801,2510.467,42006.457,14201.029,127.994,0.091,2.013,2.507,38.998,0.028,898.078,0.64,279.078,0.199,606.045,0.432,7.502,6.894,6.38,10.947,5.69,3.194,3.738,4.425,1.019,5.194,2.396,1.692,1.134,5.529,4.65,0.033,0.034,0.074,0.006,3515.709,2822.871
India,2021,IND,1414203889.0,9801620783104.0,149.033,0.105,2674.222,252.67,10.434,2687.043,226.493,9.205,1.9,0.274,1.891,0.273,1767.297,1.25,2624.359,56976.535,96302.703,36716.098,2643.659,42019.281,14822.958,133.192,0.094,2.188,2.674,12.822,0.009,919.331,0.65,277.707,0.196,621.928,0.44,8.786,7.229,6.627,11.677,5.807,3.28,3.784,4.562,1.04,5.173,2.453,1.681,0.361,5.394,4.686,0.034,0.036,0.076,0.006,3781.196,3093.932
India,2022,IND,1425423212.0,10476248367104.0,164.323,0.115,2831.166,156.944,5.869,2823.01,135.966,5.06,1.98,0.269,1.986,0.27,1855.854,1.302,2788.681,59807.703,99125.711,38571.949,2767.667,42011.125,15507.016,124.009,0.087,2.29,2.773,-8.156,-0.006,933.884,0.655,283.756,0.199,684.057,0.48,10.263,7.592,6.913,12.221,5.959,3.37,3.833,4.703,1.056,5.149,2.517,1.571,-0.23,5.744,4.726,0.034,0.037,0.078,0.006,3953.229,3264.843
India,2023,IND,1438069597.0,,177.226,0.123,3062.324,231.158,8.165,3037.99,214.98,7.615,2.113,,2.129,,2032.012,1.413,2965.908,62870.027,102163.703,40603.965,2900.087,41986.789,16224.814,132.42,0.092,2.431,2.918,-24.334,-0.017,940.655,0.654,288.717,0.201,717.799,0.499,11.293,8.103,7.335,13.194,6.132,3.469,3.889,4.86,1.074,5.124,2.582,1.676,-0.671,5.879,4.771,0.035,0.038,0.08,0.007,4196.449,3495.332
